ACP_R	Air Conditioner Panel-Rear	空调控制面板
ACU	Airbag Control Unit	安全气囊控制器
ADCU	Auto Drive Control Unit	智能驾驶域控制单元
AGS1	Active Griller Shutter1	主动进气格栅 1（LIN 节点）
AGS2	Active Griller Shutter2	主动进气格栅 2（LIN 节点）
ALCM	Ambient Light Control Manager	氛围灯控制器
AMP	Amplifier	外置功放
AMP2	Amplifier Booster	外置功放 2
AQS	Air Quality System	空气质量传感器（LIN 节点）
ASU		闭式气泵
AR_HUD	Augmented Reality Head Up Display	抬头显示
ARP_RL	Armrest Panel Rear Left	后左扶手屏
ARP_RR	Armrest Panel Rear Right	后右扶手屏
AR_IBC		尾门投影脚踏
AR_ISC		侧门投影脚踏
ATL_RL	Aviation light Rear Left	二排左航空灯
ATL_RR	Aviation light Rear Right	二排右航空灯
AVM Front	Around View Monitor Camera Front	全景影像前摄像头
AVM Left	Around View Monitor Camera Left	全景影像左摄像头
AVM Rear	Around View Monitor Camera Rear	全景影像后摄像头
AVM Right	Around View Monitor Camera Right	全景影像右摄像头
BLE Slave FL	Blue Tooth Low Energy Slave2	低功耗蓝牙从模块 2
BLE Slave FR	Blue Tooth Low Energy Slave1	低功耗蓝牙从模块 1
BLE Slave R	Blue Tooth Low Energy Slave3	低功耗蓝牙从模块 3
BMS	Battery Management System	电池管理系统
CDC	Cockpit Domain Controller	座舱域控制器
CentralScreen	Central Screen	中控屏
CIL	Charging Indicator Light	充电口盖指示灯（LIN 节点）
ClusterScreen	Cluster Screen	仪表屏幕
CMCS	Ceiling Mounted Control Screen	吸顶控制屏
CPTC	Positive Temperature coefficient	供热通风与空调调节（LIN 节点）
CRF	Car Refrigerator	车载冰箱
DCCP	DC Charging Port	直流快充口（仅为接口，非 ECU 控制器）
DCU_FL	Door Control Unit FL	电动吸合门锁控制器（左前）
DCU_FR	Door Control Unit FR	电动吸合门锁控制器（右前）
DCU_RL	Door Control Unit RL	电动吸合门锁控制器（左后）
DCU_RR	Door Control Unit RR	电动吸合门锁控制器（右后）
DKC	Digital Key Controller	数字钥匙控制器
DMS	Driver Monitoring System	驾驶员监控系统
EAO_FL Motor1	Electric Air Outlet Front Left Motor1	左前电动出风口电机 1（LIN 节点）
EAO_FL Motor2	Electric Air Outlet Front Left Motor2	左前电动出风口电机 2（LIN 节点）
EAO_FR Motor1	Electric Air Outlet Front Right Motor1	右前电动出风口电机 1（LIN 节点）
EAO_FR Motor2	Electric Air Outlet Front Right Motor2	右前电动出风口电机 2（LIN 节点）
EAO_ML Motor1	Electric Air Outlet Middle Left Motor1	中左电动出风口电机 1（LIN 节点）
EAO_ML Motor2	Electric Air Outlet Middle Left Motor2	中左电动出风口电机 2（LIN 节点）
EAO_MR Motor1	Electric Air Outlet Middle Right Motor1	中右电动出风口电机 1（LIN 节点）
EAO_MR Motor2	Electric Air Outlet Middle Right Motor2	中右电动出风口电机 2（LIN 节点）
Eexv	Compressor eduction exv	压缩机排气电子膨胀阀
EFP	Electric Foot Pedal	电动踏板模块
EIL_Logo	Exterior Indicator Light LOGO	外部指示灯 LOGO
EMS	Engine Management System	发动机管理系统
EOFF	Electric Oil Pump_Front	前电机油泵
EPB	Electrical Park Brake	电子驻车制动系统
EPS	Electric Power Steering	电动助力转向系统
ETC	Electronic Toll Collection	电子不停车收费系统
Exv_BC	Electronic expansion valve_Battery Cooling	电子膨胀阀（电池冷却）
FCM	Fragrance Control Module	香氛控制模块
FCR_L	Front Corner Radar_Left	前角雷达（左）
FCR_R	Front Corner Radar_Right	前角雷达（右）
FEW	Front Electric Wiper	电子雨刮
FL SideCamera	Side View Camera Front Left	前左侧视角摄像头
FLL	Front Long-range LIDAR	前视长距激光雷达
FR SideCamera	Side View Camera Front Right	前右侧视角摄像头
FrontNarrowCamera	Front Narrow Camera	前视窄角摄像头
FrontWideCamera	Front Wide Camera	前视广角摄像头
FWCV	Four way Control Valve	暖风四通阀
HCM_L	Headlamp Control Module Left	左侧大灯模块
HCM_R	Headlamp Control Module Right	右侧大灯模块
HOD	Hand off detection	离手检测（LIN 节点）
HSG	Heat source generator	热源发生器
HVEDC	High voltage electrical driven compressor	电动压缩机（CAN FD 节点）
HVEDC&WPTC		电动压缩机与水加热 PTC 二合一
ICC	Intelligent Chassis Controller	集成底盘控制器
IAL_CL4	Interior atmosphere lamp_Console	副仪表板杯洞氛围灯
IAL_FL_Door1	Interior atmosphere lamp_Front Left Door1	左前门氛围灯 1
IAL_FL_Door2	Interior atmosphere lamp_Front Left Door2	左前门氛围灯 2
IAL_FL_Door3	Interior atmosphere lamp_Front Left Door3	左前门氛围灯 3
IAL_FR_Door1	Interior atmosphere lamp_Front Right Door1	右前门氛围灯 1
IAL_FR_Door2	Interior atmosphere lamp_Front Right Door2	右前门氛围灯 2
IAL_FR_Door3	Interior atmosphere lamp_Front Right Door3	右前门氛围灯 3
IAL_IL	Interior atmosphere lamp_Instrument Panel Left	仪表板左氛围灯
IAL_IR	Interior atmosphere lamp_Instrument Panel Right	仪表板右氛围灯
IAL_IS_1	Interior atmosphere lamp_Instrument Speaker	喇叭罩氛围灯
IAL_LRS_Door	Interior atmosphere lamp_Left Rear Speaker	左后门扬声器氛围灯
IAL_PPL_D1	Interior atmosphere lamp_Driver1	仪表板照脚灯（主驾驶）
IAL_PPL_D2	Interior atmosphere lamp_Driver2	左前排座椅照脚灯（主驾驶）
IAL_PPL_DB	Interior atmosphere lamp_Driver Back	左第二排座椅照脚灯（主驾驶）
IAL_PPL_P1	Interior atmosphere lamp_Passenger1	仪表板照脚灯（副驾驶）
IAL_PPL_P2	Interior atmosphere lamp_Passenger2	右前排座椅照脚灯（副驾驶）
IAL_PPL_PB	Interior atmosphere lamp_Passenger Back	右第二排座椅照脚灯（副驾驶）
IAL_RL_Door1	Interior atmosphere lamp_Rear Left Door1	左后门氛围灯 1
IAL_RL_Door2	Interior atmosphere lamp_Rear Left Door2	左后门氛围灯 2
IAL_RR_Door1	Interior atmosphere lamp_Rear Right Door1	右后门氛围灯 1
IAL_RR_Door2	Interior atmosphere lamp_Rear Right Door2	右后门氛围灯 2
IAL_RRS_Door	Interior atmosphere lamp_Right Rear Speaker	右后门扬声器氛围灯
IAL_SkyLight_L1	Interior atmosphere lamp_SkyLight_Left	天窗左氛围灯
IC	Instrument Cluster	组合仪表
IAL_SkyLight_R1	Interior atmosphere lamp_SkyLight_Right	天窗右氛围灯
ICR	In-Cabin millimeter wave Radar	舱内毫米波雷达（缩写表已划除）
IntkActr	Intake Actuator	新风执行器（LIN 节点）
IPB	Integrated power brake	集成制动控制
ISC	Integrated suspension control	集成悬架控制器（ASC + CDC）
ITL	Indoor top light	车内顶灯（LIN 节点）
IVI	In-Vehicle Infotainment	影音娱乐系统
KS	Kick sensor	脚踢传感器（LIN 节点）
LBMS	Low Battery Manage System	低压蓄电池管理模块
LRR_F	Long Range Radar Front	前长距离雷达
MCUF	Motor control unit Front	前电机控制器
MCUR	Motor control unit Rear	后电机控制器
MDC	Mobile Data Center	移动数据中心（智驾域控制器）
MixAct_FL	Front Left Mixing Actuator	左前混合风门执行器（LIN 节点）
MixAct_FR	Front Right Mixing Actuator	右前混合风门执行器（LIN 节点）
MixAct_R	Rear Mixing Actuator	后混合风门执行器（LIN 节点）
ModeActr_2nd	Mode Actuator Second	模式风门执行器（LIN 节点）
ModeActr_F	Mode Actuator Front	模式风门执行器（LIN 节点）
ModeActr_R	Mode Actuator_Rear	模式风门执行器（LIN 节点）
NFC_IN	Near Field Communication IN	车内近场通信
NFC_OUT	Near Field Communication OUT	车外近场通信
OBC	On board charger	车载充电机
ODRC	Obstacle Detect Radar Control	避障物检测雷达控制器
OMS	Occupancy Monitoring System	乘员监控系统
OUSS	Obstacle Ultrasonic Sensor System	避障超声波雷达
PassengerScreen	Passenger Screen	副驾屏
PBOX	Positioning controller	组合导航控制器
PM2.5	PM2.5	PM2.5（LIN 节点）
PNG	PowerNet Guardian	智能电网管理模块
POD_FL	Power Open Door_Front Left	电开门模块（左前）
POD_FR	Power Open Door_Front Right	电开门模块（右前）
POD_RL	Power Open Door_Rear Left	电开门模块（左后）
POD_RR	Power Open Door_Rear Right	电开门模块（右后）
PS_RL	Panel Screen_Rear Left	左后门板屏
PS_RR	Panel Screen_Rear Right	右后门板屏
POT	Power Open Tailgate	电动尾门模块
RCR_L	Rear Corner Radar_Left	后角雷达（左）
RCR_R	Rear Corner Radar_Right	后角雷达（右）
RearCamera	Rear Camera	后视摄像头
RL SideCamera	Side View Camera Rear Left	后左侧视角摄像头
RLLM_Fix	Rear Left Lamp module_Fixed side	左后灯光模块（固定侧）
RLM_Move	Rear Lamp Module Move Side	后部灯光模块（移动侧）
RLS	Rain Light Sensor	阳光雨量传感器（LIN 节点）
RR SideCamera	Side View Camera Rear Right	后右侧视角摄像头
RRLM_Fix	Rear Right Lamp Module Fixed side	右后灯光模块（固定侧）
RSB_D	Reversible safety belt Driver	主驾侧可逆式安全带
RWS	Rear Wheel Steering	后轮转向控制器
SCU_R	Seat Control Unit_Rear	二排座椅控制器
SCU_RL	Seat Control Unit_Rear Left	二排左座椅控制器
SCU_RR	Seat Control Unit_Rear Right	二排右座椅控制器
SCU_TR	Seat Control Unit_Third Row	三排座椅控制器
SideCamera	Side View Camera Front	侧视角摄像头
SS_RL	Seat Switch_Rear Left	二排左座椅开关（LIN 节点）
SS_RR	Seat Switch_Rear Right	二排右座椅开关（LIN 节点）
SS_TRL	Seat Switch_Third Rear Left	三排左座椅开关（LIN 节点）
SS_TRR	Seat Switch_Third Rear Right	三排右座椅开关（LIN 节点）
SSM_F	Sun Shield Module_Front	前遮阳帘（LIN 节点）
SSM_R	Sun Shield Module_Rear	后遮阳帘（LIN 节点）
SWM	Steering wheel module	方向盘模块
SWS	Steering wheel switch	方向盘开关（LIN 节点）
T_BOX	Telematics Box	车联网终端
TMCF	Thermal Management Controller Front cabin	前部热管理控制器
Trailer	Trailer	挂车模块
USC	Ultrasonic Sensor Control	超声波雷达控制器
USS	Ultrasonic Sensor System	超声波雷达（ADAS）
Valve2_Light	Two ways proportion Valve Light Loop	两通比例阀（前灯）
Valve3_OL	Three ways proportion valve_OIB Loop	三通比例阀（主机）
Valve3_WL	Three ways proportion valve_Warmcore Loop	三通比例阀（暖芯回路）
VCM	Vehicle Control Module	整车控制模块
WCM_F	Wireless Power Charger Module	无线充电控制器
WSM_FL	Waist Support and Massage Module Front Left	按摩模块（左前腰托）
WSM_FR	Waist Support and Massage Module Front Right	按摩模块（右前腰托）
WSM_RL	Waist Support and Massage Module Rear Left	按摩模块（左后腰托）
WSM_RR	Waist Support and Massage Module Rear Right	按摩模块（右后腰托）
WSM2_FL	Waist Support and Massage Module2 Front Left	按摩模块（左前座垫）
WSM2_FR	Waist Support and Massage Module2 Front Right	按摩模块（右前座垫）
WSM2_RL	Waist Support and Massage Module2 Rear Left	按摩模块（左后座垫）
WSM2_RR	Waist Support and Massage Module2 Rear Right	按摩模块（右后座垫）
ZCU_L	Zone Control Unit Left	座舱左区域控制器
ZCU_Ri	Zone Control Unit Right	座舱右区域控制器
